<?xml version="1.0" encoding="UTF-8"?>
<!DOCTYPE mapper PUBLIC "-//mybatis.org//DTD Mapper 3.0//EN" "http://mybatis.org/dtd/mybatis-3-mapper.dtd" >
<mapper namespace="com.cn.hnust.dao.SearchMapper" >

  <resultMap id="BaseResultMap" type="com.cn.hnust.been.Search" >
    <result column="id" property="id" jdbcType="VARCHAR" />
    <result column="name" property="name" jdbcType="VARCHAR" />
  </resultMap>
  
  
  <sql id="Base_Column_List" >
    id, name
  </sql>
  
  
  <select id="selectbyname" resultMap="BaseResultMap" parameterType="java.lang.String" >
    select 
    <include refid="Base_Column_List" />
    from restaurant
    where name = #{name,jdbcType=VARCHAR}
  </select>
  
  

</mapper>